{"cameraMode":{"drawMode":0,"name":"Shaded","section":"Shading Mode"},"sceneLighting":true,"audioPlay":false,"sceneViewState":{"showFog":true,"showMaterialUpdate":false,"showSkybox":true,"showFlares":true,"showImageEffects":true,"showParticleSystems":true},"in2DMode":false,"pivot":{"x":5.5141143798828129,"y":-9.55843734741211,"z":18.7675724029541},"rotation":{"x":-0.27132436633110049,"y":-0.016748420894145967,"z":0.0047230771742761139,"w":-0.9623371958732605},"size":25.144193649291993,"orthographic":false}