{"cameraMode":{"drawMode":0,"name":"Shaded","section":"Shading Mode"},"sceneLighting":true,"audioPlay":false,"sceneViewState":{"showFog":true,"showMaterialUpdate":false,"showSkybox":true,"showFlares":true,"showImageEffects":true,"showParticleSystems":true},"in2DMode":false,"pivot":{"x":-2.5386993885040285,"y":10.108407974243164,"z":-5.527261734008789},"rotation":{"x":-0.6192060112953186,"y":0.01106830034404993,"z":-0.008729735389351845,"w":-0.7851027846336365},"size":16.777315139770509,"orthographic":false}