{"cameraMode":{"drawMode":0,"name":"Shaded","section":"Shading Mode"},"sceneLighting":true,"audioPlay":false,"sceneViewState":{"showFog":true,"showMaterialUpdate":false,"showSkybox":true,"showFlares":true,"showImageEffects":true,"showParticleSystems":true},"in2DMode":false,"pivot":{"x":6.608725547790527,"y":7.195774078369141,"z":-6.227319717407227},"rotation":{"x":0.4776514768600464,"y":0.009224923327565194,"z":-0.005014622118324041,"w":0.878508448600769},"size":31.271488189697267,"orthographic":false}