{"cameraMode":{"drawMode":0,"name":"Shaded","section":"Shading Mode"},"sceneLighting":false,"audioPlay":false,"sceneViewState":{"showFog":true,"showMaterialUpdate":false,"showSkybox":false,"showFlares":true,"showImageEffects":true,"showParticleSystems":true},"in2DMode":false,"pivot":{"x":5.308164596557617,"y":2.251500129699707,"z":-1.0818910598754883},"rotation":{"x":-0.15475338697433473,"y":-0.01836010254919529,"z":0.0028991205617785455,"w":-0.9878134727478027},"size":13.598085403442383,"orthographic":false}