{"cameraMode":{"drawMode":0,"name":"Shaded","section":"Shading Mode"},"sceneLighting":true,"audioPlay":false,"sceneViewState":{"showFog":true,"showMaterialUpdate":false,"showSkybox":true,"showFlares":true,"showImageEffects":true,"showParticleSystems":true},"in2DMode":false,"pivot":{"x":9.69261360168457,"y":13.38333797454834,"z":-5.433560848236084},"rotation":{"x":-0.5874427556991577,"y":0.006820668466389179,"z":-0.00492481654509902,"w":-0.809258222579956},"size":9.32080364227295,"orthographic":false}