{"cameraMode":{"drawMode":0,"name":"Shaded","section":"Shading Mode"},"sceneLighting":false,"audioPlay":false,"sceneViewState":{"showFog":true,"showMaterialUpdate":false,"showSkybox":false,"showFlares":true,"showImageEffects":true,"showParticleSystems":true},"in2DMode":false,"pivot":{"x":-1.380615234375,"y":1.223876953125,"z":-0.63671875},"rotation":{"x":0.10578574240207672,"y":-0.3652816712856293,"z":0.041823528707027438,"w":0.9239214658737183},"size":7.476259231567383,"orthographic":true}