{"cameraMode":{"drawMode":0,"name":"Shaded","section":"Shading Mode"},"sceneLighting":true,"audioPlay":false,"sceneViewState":{"showFog":true,"showMaterialUpdate":false,"showSkybox":true,"showFlares":true,"showImageEffects":true,"showParticleSystems":true},"in2DMode":false,"pivot":{"x":4.373345375061035,"y":-11.561056137084961,"z":-9.387083053588868},"rotation":{"x":0.7049886584281921,"y":-0.0010672060307115317,"z":0.0010550334118306637,"w":0.7092319130897522},"size":56.44761657714844,"orthographic":false}