{"cameraMode":{"drawMode":0,"name":"Shaded","section":"Shading Mode"},"sceneLighting":true,"audioPlay":false,"sceneViewState":{"showFog":true,"showMaterialUpdate":false,"showSkybox":true,"showFlares":true,"showImageEffects":true,"showParticleSystems":true},"in2DMode":false,"pivot":{"x":2.2367749214172365,"y":0.07083511352539063,"z":3.6415977478027345},"rotation":{"x":-0.5874427556991577,"y":0.006820668466389179,"z":-0.00492481654509902,"w":-0.809258222579956},"size":49.60910415649414,"orthographic":false}