{"cameraMode":{"drawMode":0,"name":"Shaded","section":"Shading Mode"},"sceneLighting":false,"audioPlay":false,"sceneViewState":{"showFog":true,"showMaterialUpdate":false,"showSkybox":false,"showFlares":true,"showImageEffects":true,"showParticleSystems":true},"in2DMode":false,"pivot":{"x":36.430477142333987,"y":0.6675260663032532,"z":-10.270623207092286},"rotation":{"x":0.11272366344928742,"y":0.7282088398933411,"z":-0.12350314110517502,"w":0.6646475791931152},"size":2.7681868076324465,"orthographic":false}