{"cameraMode":{"drawMode":0,"name":"Shaded","section":"Shading Mode"},"sceneLighting":false,"audioPlay":false,"sceneViewState":{"showFog":true,"showMaterialUpdate":false,"showSkybox":false,"showFlares":true,"showImageEffects":true,"showParticleSystems":true},"in2DMode":false,"pivot":{"x":-32.73697280883789,"y":1.6499338150024415,"z":27.809097290039064},"rotation":{"x":-0.3328348994255066,"y":-0.0022660023532807829,"z":0.0007996247732080519,"w":-0.9429839849472046},"size":14.14600944519043,"orthographic":false}