{"cameraMode":{"drawMode":0,"name":"Shaded","section":"Shading Mode"},"sceneLighting":true,"audioPlay":false,"sceneViewState":{"showFog":true,"showMaterialUpdate":false,"showSkybox":true,"showFlares":true,"showImageEffects":true,"showParticleSystems":true},"in2DMode":false,"pivot":{"x":4.3951544761657719,"y":-1.3699455261230469,"z":-2.7191245555877687},"rotation":{"x":0.7049886584281921,"y":-0.0010672060307115317,"z":0.0010550334118306637,"w":0.7092319130897522},"size":12.993313789367676,"orthographic":false}