{"cameraMode":{"drawMode":0,"name":"Shaded","section":"Shading Mode"},"sceneLighting":true,"audioPlay":false,"sceneViewState":{"showFog":true,"showMaterialUpdate":false,"showSkybox":true,"showFlares":true,"showImageEffects":true,"showParticleSystems":true},"in2DMode":false,"pivot":{"x":4.1532368659973148,"y":11.626485824584961,"z":-5.294594764709473},"rotation":{"x":0.7049886584281921,"y":-0.0010672060307115317,"z":0.0010550334118306637,"w":0.7092319130897522},"size":25.60488510131836,"orthographic":false}