{"cameraMode":{"drawMode":0,"name":"Shaded","section":"Shading Mode"},"sceneLighting":true,"audioPlay":false,"sceneViewState":{"showFog":true,"showMaterialUpdate":false,"showSkybox":true,"showFlares":true,"showImageEffects":true,"showParticleSystems":true},"in2DMode":false,"pivot":{"x":3.543576955795288,"y":-14.578094482421875,"z":-5.478060722351074},"rotation":{"x":0.6446393132209778,"y":-0.03436918184161186,"z":0.029025625437498094,"w":0.763174831867218},"size":50.94731903076172,"orthographic":false}