{"cameraMode":{"drawMode":0,"name":"Shaded","section":"Shading Mode"},"sceneLighting":false,"audioPlay":false,"sceneViewState":{"showFog":true,"showMaterialUpdate":false,"showSkybox":false,"showFlares":true,"showImageEffects":true,"showParticleSystems":true},"in2DMode":false,"pivot":{"x":7.1742753982543949,"y":0.7914626598358154,"z":0.686208963394165},"rotation":{"x":-0.07624763995409012,"y":-0.5965591073036194,"z":0.05710015445947647,"w":-0.7969312071800232},"size":13.14908218383789,"orthographic":false}