{"cameraMode":{"drawMode":0,"name":"Shaded","section":"Shading Mode"},"sceneLighting":false,"audioPlay":false,"sceneViewState":{"showFog":true,"showMaterialUpdate":false,"showSkybox":false,"showFlares":true,"showImageEffects":true,"showParticleSystems":true},"in2DMode":false,"pivot":{"x":-0.2984645366668701,"y":-0.17117273807525636,"z":2.873063087463379},"rotation":{"x":0.15403632819652558,"y":-0.36396393179893496,"z":0.06115873157978058,"w":0.9165619611740112},"size":5.4506731033325199,"orthographic":false}