{"cameraMode":{"drawMode":0,"name":"Shaded","section":"Shading Mode"},"sceneLighting":false,"audioPlay":false,"sceneViewState":{"showFog":true,"showMaterialUpdate":false,"showSkybox":false,"showFlares":true,"showImageEffects":true,"showParticleSystems":true},"in2DMode":false,"pivot":{"x":811.7294311523438,"y":138.97042846679688,"z":116.26785278320313},"rotation":{"x":-0.006598306819796562,"y":-0.0314941331744194,"z":-0.00020789152767974883,"w":0.9994828104972839},"size":277.2687683105469,"orthographic":false}