{"cameraMode":{"drawMode":0,"name":"Shaded","section":"Shading Mode"},"sceneLighting":true,"audioPlay":false,"sceneViewState":{"showFog":true,"showMaterialUpdate":false,"showSkybox":false,"showFlares":true,"showImageEffects":true,"showParticleSystems":true},"in2DMode":false,"pivot":{"x":-0.0000152587890625,"y":-54.47541427612305,"z":-0.0000152587890625},"rotation":{"x":0.7049886584281921,"y":-0.0010672060307115317,"z":0.0010550334118306637,"w":0.7092319130897522},"size":856.1782836914063,"orthographic":false}