{"cameraMode":{"drawMode":0,"name":"Shaded","section":"Shading Mode"},"sceneLighting":true,"audioPlay":false,"sceneViewState":{"showFog":true,"showMaterialUpdate":false,"showSkybox":true,"showFlares":true,"showImageEffects":true,"showParticleSystems":true},"in2DMode":false,"pivot":{"x":0.93143630027771,"y":5.522866249084473,"z":0.021028518676757814},"rotation":{"x":0.4365267753601074,"y":-0.04720272496342659,"z":0.02293102629482746,"w":0.8981727361679077},"size":4.598994255065918,"orthographic":false}