{"cameraMode":{"drawMode":0,"name":"Shaded","section":"Shading Mode"},"sceneLighting":false,"audioPlay":false,"sceneViewState":{"showFog":true,"showMaterialUpdate":false,"showSkybox":false,"showFlares":true,"showImageEffects":true,"showParticleSystems":true},"in2DMode":false,"pivot":{"x":506.7196350097656,"y":285.6617431640625,"z":4.477463722229004},"rotation":{"x":-0.6192060112953186,"y":0.01106830034404993,"z":-0.008729735389351845,"w":-0.7851027846336365},"size":11.009190559387207,"orthographic":false}