{"cameraMode":{"drawMode":0,"name":"Shaded","section":"Shading Mode"},"sceneLighting":false,"audioPlay":false,"sceneViewState":{"showFog":true,"showMaterialUpdate":false,"showSkybox":false,"showFlares":true,"showImageEffects":true,"showParticleSystems":true},"in2DMode":false,"pivot":{"x":-3.93609619140625,"y":-0.5168342590332031,"z":-1.583786964416504},"rotation":{"x":0.062291163951158527,"y":0.915820837020874,"z":-0.3646179735660553,"w":0.15641561150550843},"size":23.94849967956543,"orthographic":false}