{"cameraMode":{"drawMode":0,"name":"Shaded","section":"Shading Mode"},"sceneLighting":false,"audioPlay":false,"sceneViewState":{"showFog":true,"showMaterialUpdate":false,"showSkybox":false,"showFlares":true,"showImageEffects":true,"showParticleSystems":true},"in2DMode":false,"pivot":{"x":-0.016961991786956788,"y":-0.14633679389953614,"z":0.285258412361145},"rotation":{"x":0.5533015727996826,"y":-0.10675829648971558,"z":0.07177449017763138,"w":0.8229879140853882},"size":3.362082004547119,"orthographic":false}