{"cameraMode":{"drawMode":0,"name":"Shaded","section":"Shading Mode"},"sceneLighting":true,"audioPlay":false,"sceneViewState":{"showFog":true,"showMaterialUpdate":false,"showSkybox":true,"showFlares":true,"showImageEffects":true,"showParticleSystems":true},"in2DMode":false,"pivot":{"x":-12.257522583007813,"y":-14.000204086303711,"z":-5.7852277755737309},"rotation":{"x":-0.5971141457557678,"y":0.0035744805354624988,"z":-0.0026724496856331827,"w":-0.8021571040153503},"size":47.992767333984378,"orthographic":false}