{"cameraMode":{"drawMode":0,"name":"Shaded","section":"Shading Mode"},"sceneLighting":false,"audioPlay":false,"sceneViewState":{"showFog":true,"showMaterialUpdate":false,"showSkybox":false,"showFlares":true,"showImageEffects":true,"showParticleSystems":true},"in2DMode":false,"pivot":{"x":3.6251156330108644,"y":-2.524846076965332,"z":-1.4793453216552735},"rotation":{"x":-0.38467031717300417,"y":0.04789385572075844,"z":-0.019971387460827829,"w":-0.9216247200965881},"size":123.39641571044922,"orthographic":false}