{"cameraMode":{"drawMode":0,"name":"Shaded","section":"Shading Mode"},"sceneLighting":false,"audioPlay":false,"sceneViewState":{"showFog":true,"showMaterialUpdate":false,"showSkybox":false,"showFlares":true,"showImageEffects":true,"showParticleSystems":true},"in2DMode":false,"pivot":{"x":17.59000015258789,"y":1.1799999475479127,"z":0.0299999862909317},"rotation":{"x":0.7049886584281921,"y":-0.0010672060307115317,"z":0.0010550334118306637,"w":0.7092319130897522},"size":2.8578836917877199,"orthographic":false}