{"cameraMode":{"drawMode":0,"name":"Shaded","section":"Shading Mode"},"sceneLighting":false,"audioPlay":false,"sceneViewState":{"showFog":true,"showMaterialUpdate":false,"showSkybox":false,"showFlares":true,"showImageEffects":true,"showParticleSystems":true},"in2DMode":false,"pivot":{"x":10.21497917175293,"y":25.083702087402345,"z":-35.164085388183597},"rotation":{"x":-0.44947534799575808,"y":0.044718559831380847,"z":-0.022536227479577066,"w":-0.8918916583061218},"size":15.134817123413086,"orthographic":false}