{"cameraMode":{"drawMode":0,"name":"Shaded","section":"Shading Mode"},"sceneLighting":true,"audioPlay":false,"sceneViewState":{"showFog":true,"showMaterialUpdate":false,"showSkybox":true,"showFlares":true,"showImageEffects":true,"showParticleSystems":true},"in2DMode":false,"pivot":{"x":5.825372695922852,"y":-12.157261848449707,"z":9.137149810791016},"rotation":{"x":-0.4126704931259155,"y":-0.05814395844936371,"z":0.026407329365611078,"w":-0.9086428284645081},"size":37.41669464111328,"orthographic":false}