{"cameraMode":{"drawMode":0,"name":"Shaded","section":"Shading Mode"},"sceneLighting":false,"audioPlay":false,"sceneViewState":{"showFog":true,"showMaterialUpdate":false,"showSkybox":false,"showFlares":true,"showImageEffects":true,"showParticleSystems":true},"in2DMode":false,"pivot":{"x":19.15231704711914,"y":0.9226722717285156,"z":0.6289610862731934},"rotation":{"x":0.450567364692688,"y":-0.0026807617396116258,"z":0.0013481905916705728,"w":0.8927494883537293},"size":11.361527442932129,"orthographic":false}