{"cameraMode":{"drawMode":0,"name":"Shaded","section":"Shading Mode"},"sceneLighting":true,"audioPlay":false,"sceneViewState":{"showFog":true,"showMaterialUpdate":false,"showSkybox":true,"showFlares":true,"showImageEffects":true,"showParticleSystems":true},"in2DMode":false,"pivot":{"x":1.3883183002471924,"y":-5.729893207550049,"z":5.865031719207764},"rotation":{"x":-0.3609545826911926,"y":-0.009235074743628502,"z":0.0035746602807193996,"w":-0.9325320720672607},"size":18.519447326660158,"orthographic":false}