{"cameraMode":{"drawMode":0,"name":"Shaded","section":"Shading Mode"},"sceneLighting":true,"audioPlay":false,"sceneViewState":{"showFog":true,"showMaterialUpdate":false,"showSkybox":true,"showFlares":true,"showImageEffects":true,"showParticleSystems":true},"in2DMode":false,"pivot":{"x":7.898013114929199,"y":7.42342472076416,"z":7.788752555847168},"rotation":{"x":-0.32023054361343386,"y":-0.19366364181041718,"z":0.0670483186841011,"w":-0.9249112010002136},"size":4.57636833190918,"orthographic":false}